{"precision":{"0":0.9019598302},"recall":{"0":0.7961129604},"MCC":{"0":0.8265571004},"F1":{"0":0.8457374908},"accuracy":{"0":0.962481412},"IoU":{"0":0.7327081007}}