{"precision":{"0":0.9307285726},"recall":{"0":0.8070421534},"MCC":{"0":0.852150367},"F1":{"0":0.8644836516},"accuracy":{"0":0.9728518399},"IoU":{"0":0.7613132588}}