{"precision":{"0":0.8285000794},"recall":{"0":0.7600961443},"MCC":{"0":0.7706284777},"F1":{"0":0.792825397},"accuracy":{"0":0.9583899758},"IoU":{"0":0.6567611637}}