{"precision":{"0":0.3260038692},"recall":{"0":0.1137106132},"MCC":{"0":-0.004208449},"F1":{"0":0.1686098655},"accuracy":{"0":0.6282815773},"IoU":{"0":0.0920666014}}