{"precision":{"0":0.5009240337},"recall":{"0":0.6700425951},"MCC":{"0":-0.0037277382},"F1":{"0":0.5732707171},"accuracy":{"0":0.4990146791},"IoU":{"0":0.4018076337}}